scan rate,Lambda,Expansion Term,J_ss,J_newman,Pct Dif From Levich,PCT Dif From Newman
0.1,5,0,-0.99954146,-0.9696956532616584,-0.0004587489,0.030778531496656148
0.1,5,1,-0.96795845,-0.9696956532616584,-0.033102196,-0.0017914929683683302
0.1,5,2,-0.96990234,-0.9696956532616584,-0.031031644,0.00021314247938414603
0.1,5,3,-0.96963024,-0.9696956532616584,-0.03132097,-6.74560800550363e-05
0.1,5,4,-0.9697574,-0.9696956532616584,-0.031185761,6.365382734557178e-05
0.1,5,5,-0.9696435,-0.9696956532616584,-0.031306896,-5.381032316664672e-05
0.1,5,6,-0.96969175,-0.9696956532616584,-0.031255547,-4.021750736036048e-06
