scan rate,Lambda,Expansion Term,J_ss,J_newman,Pct Dif From Levich,PCT Dif From Newman
0.5,5,0,-0.9995653,-0.9696956532616584,-0.0004348857,0.0308031184460046
0.5,5,1,-0.96764725,-0.9696956532616584,-0.033434443,-0.00211241412473897
0.5,5,2,-0.9696042,-0.9696956532616584,-0.031348675,-9.431732221821761e-05
0.5,5,3,-0.9695975,-0.9696956532616584,-0.031355776,-0.00010120166803578353
0.5,5,4,-0.969631,-0.9696956532616584,-0.031320143,-6.66570042012117e-05
0.5,5,5,-0.96963465,-0.9696956532616584,-0.031316277,-6.290749442557311e-05
0.5,5,6,-0.9696989,-0.9696956532616584,-0.031247942,3.3543340684988653e-06
