scan rate,Lambda,Expansion Term,J_ss,J_newman,Pct Dif From Levich,PCT Dif From Newman
0.5,5,0,-0.9995557,-0.9729537478927985,-0.0004444905,0.027341442635541134
0.5,5,1,-0.9716994,-0.9729537478927985,-0.029124834,-0.0012891992636797848
0.5,5,2,-0.9728691,-0.9729537478927985,-0.027887516,-8.700280613436121e-05
0.5,5,3,-0.97297895,-0.9729537478927985,-0.027771465,2.5902211764956763e-05
0.5,5,4,-0.97293645,-0.9729537478927985,-0.027816357,-1.7777266130981225e-05
0.5,5,5,-0.97288144,-0.9729537478927985,-0.02787448,-7.432166739037922e-05
0.5,5,6,-0.9729208,-0.9729537478927985,-0.027832918,-3.3889051105219225e-05
