scan rate,Lambda,Expansion Term,J_ss,J_newman,Pct Dif From Levich,PCT Dif From Newman
0.1,5,0,-1.000501,-0.9729537478927985,0.0005007857,0.028313050657181493
0.1,5,1,-0.97195894,-0.9729537478927985,-0.02885005,-0.001022466519277381
0.1,5,2,-0.97286195,-0.9729537478927985,-0.027895072,-9.43541909134812e-05
0.1,5,3,-0.972881,-0.9729537478927985,-0.02787492,-7.475049816916121e-05
0.1,5,4,-0.972875,-0.9729537478927985,-0.027881281,-8.093791369158721e-05
0.1,5,5,-0.9729228,-0.9729537478927985,-0.027830778,-3.180615875113522e-05
0.1,5,6,-0.9729394,-0.9729537478927985,-0.027813273,-1.4775450679507228e-05
