X,J_ss,R0
1.240717695633861,1.6464761081872632,0.05
1.9496992359960674,1.345520085835147,0.05
