scan rate,Lambda,Expansion Term,J_ss,J_newman,Pct Dif From Levich,PCT Dif From Newman
0.5,5,0,-0.9976589,-0.9616775338195881,-0.0023465853,0.0374152179729708
0.5,5,1,-0.9586886,-0.9616775338195881,-0.043091554,-0.003108024220023326
0.5,5,2,-0.96171796,-0.9616775338195881,-0.039805885,4.204049453073379e-05
0.5,5,3,-0.96146566,-0.9616775338195881,-0.04007875,-0.0002203202786612097
0.5,5,4,-0.9616189,-0.9616775338195881,-0.039913006,-6.0970042923792566e-05
0.5,5,5,-0.96152955,-0.9616775338195881,-0.040009636,-0.00015387786220437923
0.5,5,6,-0.9615027,-0.9616775338195881,-0.040038712,-0.00018183078181448233
