scan rate,Lambda,Expansion Term,J_ss,J_newman,Pct Dif From Levich,PCT Dif From Newman
0.1,5,0,-0.9999596,-0.9616775338195881,-4.0413583e-05,0.039807578824479384
0.1,5,1,-0.95880973,-0.9616775338195881,-0.04295979,-0.002982081132112618
0.1,5,2,-0.961409,-0.9616775338195881,-0.040140074,-0.0002792631313202076
0.1,5,3,-0.96146154,-0.9616775338195881,-0.0400832,-0.00022459688942195718
0.1,5,4,-0.9614006,-0.9616775338195881,-0.040149104,-0.00028794031257389817
0.1,5,5,-0.9614185,-0.9616775338195881,-0.040129755,-0.00026934635274456127
0.1,5,6,-0.9614161,-0.9616775338195881,-0.040132336,-0.0002718255473884729
